,CustomerName,ProductBrand,ProductCatagory,ProductReview,ProductName,Link
0,L***i,No Brand,Xanh,Im,M·∫∑t n·∫° d∆∞·ª°ng da n·ªôi ƒë·ªãa trung,https://www.lazada.vn/products/mat-na-duong-da-noi-dia-trung-i2230044415.html
1,Hu·ª≥nh T.,No Brand,02 g√≥i MN s·ªØa ƒë√†o,D·ªÖ s·ª≠ d·ª•ng:trtyhtrtett ƒê√°ng ti·ªÅn:hdfbg T√≠nh nƒÉng:ughjgfghh,M·∫∑t n·∫° ng·ªß d∆∞·ª°ng da tr·∫Øng da d∆∞·ª°ng ·∫©m ha s·ªØa ƒë√†o NaCleverr,https://www.lazada.vn/products/mat-na-ngu-duong-da-trang-da-duong-am-ha-sua-dao-nacleverr-i2134508807.html
2,BiBi,No Brand,02 g√≥i MN s·ªØa ƒë√†o,D·ªÖ s·ª≠ d·ª•ngÔºö,M·∫∑t n·∫° ng·ªß d∆∞·ª°ng da tr·∫Øng da d∆∞·ª°ng ·∫©m ha s·ªØa ƒë√†o NaCleverr,https://www.lazada.vn/products/mat-na-ngu-duong-da-trang-da-duong-am-ha-sua-dao-nacleverr-i2134508807.html
3,thanh T.,No Brand,,"Sp y h√¨nh shop giao ƒë·ªß sl ,,n√≥i chung uy t√≠n l·∫•m nh√©ü§£, d√πng xong th√¨ da m∆∞·ªõt,m·ªãn,ƒë√†n h·ªìi t·ªët",M·∫∑t N·∫° HA images mask gi·∫•y d∆∞·ª°ng tr·∫Øng da v√† c·∫•p ·∫©m th·∫£i ƒë·ªôc,https://www.lazada.vn/products/mat-na-ha-images-mask-giay-duong-trang-da-va-cap-am-thai-doc-i1962629310.html
4,9***4,VIETNAM'S SUPPLEMENTS,M·ªôt mi·∫øng,"D·ªÖ s·ª≠ d·ª•ng:mask r·∫ª m√† ƒë·∫Øp s∆∞·ªõng l·∫Øm lu√¥n, m√¨nh x√†i tre m√† ƒë·∫Øp xong gi·∫£m bong tr√≥c da h·∫≥n, 10 ƒëi·ªÉm üòò ƒê√°ng ti·ªÅn:s·∫Ω mua l·∫°i","H·ªôp m·∫∑t n·∫° d∆∞·ª°ng da c·∫•p ·∫©m l√†m m·ªù n·∫øp nhƒÉn, ph·ª•c h·ªìi h∆∞ t·ªïn Absolute Repair - VIETNAM‚ÄôS SUPPELEMENTS",https://www.lazada.vn/products/hop-mat-na-duong-da-cap-am-lam-mo-nep-nhan-phuc-hoi-hu-ton-absolute-repair-vietnams-suppelements-i2076432243.html
5,T***.,VIETNAM'S SUPPLEMENTS,M·ªôt mi·∫øng,D√πng th√≠ch l·∫Øm da m∆∞·ªõt m∆∞·ª£t,"H·ªôp m·∫∑t n·∫° d∆∞·ª°ng da c·∫•p ·∫©m l√†m m·ªù n·∫øp nhƒÉn, ph·ª•c h·ªìi h∆∞ t·ªïn Absolute Repair - VIETNAM‚ÄôS SUPPELEMENTS",https://www.lazada.vn/products/hop-mat-na-duong-da-cap-am-lam-mo-nep-nhan-phuc-hoi-hu-ton-absolute-repair-vietnams-suppelements-i2076432243.html
6,Hoang P.,VIETNAM'S SUPPLEMENTS,M·ªôt mi·∫øng,M·ªõi d√πng m√† th·∫•y oke l·∫Øm. ƒê·∫Øp 2 l·∫ßn da ƒë√£ r·∫•t m∆∞·ªõt,"H·ªôp m·∫∑t n·∫° d∆∞·ª°ng da c·∫•p ·∫©m l√†m m·ªù n·∫øp nhƒÉn, ph·ª•c h·ªìi h∆∞ t·ªïn Absolute Repair - VIETNAM‚ÄôS SUPPELEMENTS",https://www.lazada.vn/products/hop-mat-na-duong-da-cap-am-lam-mo-nep-nhan-phuc-hoi-hu-ton-absolute-repair-vietnams-suppelements-i2076432243.html
7,Thuong,VIETNAM'S SUPPLEMENTS,M·ªôt mi·∫øng,"ch∆∞a d√πng n√™n khiong bi·∫øt sao, m√† vui khi ƒë∆∞·ª£c t·∫∑ng th√™m mask khi mua son","H·ªôp m·∫∑t n·∫° d∆∞·ª°ng da c·∫•p ·∫©m l√†m m·ªù n·∫øp nhƒÉn, ph·ª•c h·ªìi h∆∞ t·ªïn Absolute Repair - VIETNAM‚ÄôS SUPPELEMENTS",https://www.lazada.vn/products/hop-mat-na-duong-da-cap-am-lam-mo-nep-nhan-phuc-hoi-hu-ton-absolute-repair-vietnams-suppelements-i2076432243.html
8,Ng·ªçc √Å.,VIETNAM'S SUPPLEMENTS,M·ªôt mi·∫øng,"ƒêang d√πng ƒëc m·∫•y mi·∫øng ƒë·∫ßu th·∫•y okk, s·∫Ω s·ª≠ d·ª•ng th√™m xem saoooo","H·ªôp m·∫∑t n·∫° d∆∞·ª°ng da c·∫•p ·∫©m l√†m m·ªù n·∫øp nhƒÉn, ph·ª•c h·ªìi h∆∞ t·ªïn Absolute Repair - VIETNAM‚ÄôS SUPPELEMENTS",https://www.lazada.vn/products/hop-mat-na-duong-da-cap-am-lam-mo-nep-nhan-phuc-hoi-hu-ton-absolute-repair-vietnams-suppelements-i2076432243.html
