HotelName,HotelPoint,ReviewCount,Position,Description,Links
Awaken Da Nang Hotel,"8,9",85 đánh giá,"Bãi biển Mỹ Khê, Đà Nẵng","Nằm ở Đà Nẵng, cách Bãi biển Mỹ Khê 8 phút đi bộ, Awaken Da Nang Hotel cung cấp chỗ nghỉ có trung tâm thể dục, chỗ đậu xe riêng miễn phí, sân hiên và nhà hàng.",https://www.booking.com/hotel/vn/awaken-da-nang.vi.html?label=gen173nr-1FCAEoggI46AdIM1gEaPQBiAEBmAEquAEXyAEM2AEB6AEB-AEDiAIBqAIDuAKcioezBsACAdICJGYyYmI2M2QzLWZiN2MtNGIyNi04MjRiLWY4YmVmYzg4NGU0ZdgCBuACAQ&aid=304142&ucfs=1&arphpl=1&group_adults=2&req_adults=2&no_rooms=1&group_children=0&req_children=0&hpos=1&hapos=1&sr_order=popularity&nflt=class%3D5%3Bht_id%3D204&srpvid=b48c63c56cc4026d&srepoch=1717855887&from_sustainable_property_sr=1&from=searchresults
Bay Capital Danang,"9,6",145 đánh giá,"Sông Hàn, Đà Nẵng","Nằm ở Đà Nẵng, cách Bãi biển Thanh Bình 2.9 km, Bay Capital Danang cung cấp chỗ nghỉ có hồ bơi ngoài trời, chỗ đậu xe riêng miễn phí, trung tâm thể dục và phòng chờ chung.",https://www.booking.com/hotel/vn/bay-capital-danang.vi.html?label=gen173nr-1FCAEoggI46AdIM1gEaPQBiAEBmAEquAEXyAEM2AEB6AEB-AEDiAIBqAIDuAKcioezBsACAdICJGYyYmI2M2QzLWZiN2MtNGIyNi04MjRiLWY4YmVmYzg4NGU0ZdgCBuACAQ&aid=304142&ucfs=1&arphpl=1&group_adults=2&req_adults=2&no_rooms=1&group_children=0&req_children=0&hpos=2&hapos=2&sr_order=popularity&nflt=class%3D5%3Bht_id%3D204&srpvid=b48c63c56cc4026d&srepoch=1717855887&from_sustainable_property_sr=1&from=searchresults
TMS Hotel Da Nang Beach,"9,0",1.111 đánh giá,"Bãi biển Mỹ Khê, Đà Nẵng","TMS Hotel Da Nang Beach có xe đạp miễn phí, hồ bơi ngoài trời, trung tâm thể dục và nhà hàng ở Đà Nẵng. Ngoài dịch vụ phòng, chỗ nghỉ này còn có sân chơi trẻ em.",https://www.booking.com/hotel/vn/tms-luxury-danang-beach.vi.html?label=gen173nr-1FCAEoggI46AdIM1gEaPQBiAEBmAEquAEXyAEM2AEB6AEB-AEDiAIBqAIDuAKcioezBsACAdICJGYyYmI2M2QzLWZiN2MtNGIyNi04MjRiLWY4YmVmYzg4NGU0ZdgCBuACAQ&aid=304142&ucfs=1&arphpl=1&group_adults=2&req_adults=2&no_rooms=1&group_children=0&req_children=0&hpos=3&hapos=3&sr_order=popularity&nflt=class%3D5%3Bht_id%3D204&srpvid=b48c63c56cc4026d&srepoch=1717855887&from_sustainable_property_sr=1&from=searchresults
Four Points by Sheraton Danang,"8,5",532 đánh giá,"Bãi biển Mỹ Khê, Đà Nẵng","Four Points by Sheraton Danang tọa lạc tại khu Bãi biển Mỹ Khê thuộc thành phố Đà Nẵng, nằm trong bán kính 2 km từ Cầu Sông Hàn và 2,3 km từ Cầu tàu Tình yêu.",https://www.booking.com/hotel/vn/four-points-by-sheraton-danang.vi.html?label=gen173nr-1FCAEoggI46AdIM1gEaPQBiAEBmAEquAEXyAEM2AEB6AEB-AEDiAIBqAIDuAKcioezBsACAdICJGYyYmI2M2QzLWZiN2MtNGIyNi04MjRiLWY4YmVmYzg4NGU0ZdgCBuACAQ&aid=304142&ucfs=1&arphpl=1&group_adults=2&req_adults=2&no_rooms=1&group_children=0&req_children=0&hpos=4&hapos=4&sr_order=popularity&nflt=class%3D5%3Bht_id%3D204&srpvid=b48c63c56cc4026d&srepoch=1717855887&from_sustainable_property_sr=1&from=searchresults
Meliá Vinpearl Danang Riverfront,"8,8",864 đánh giá,"Sông Hàn, Đà Nẵng","Nằm trong một tòa nhà cao tầng nhìn ra Sông Hàn thơ mộng, Meliá Vinpearl Danang Riverfront cung cấp chỗ nghỉ hiện đại với WiFi miễn phí.",https://www.booking.com/hotel/vn/melia-vinpearl-danang-riverfont.vi.html?label=gen173nr-1FCAEoggI46AdIM1gEaPQBiAEBmAEquAEXyAEM2AEB6AEB-AEDiAIBqAIDuAKcioezBsACAdICJGYyYmI2M2QzLWZiN2MtNGIyNi04MjRiLWY4YmVmYzg4NGU0ZdgCBuACAQ&aid=304142&ucfs=1&arphpl=1&group_adults=2&req_adults=2&no_rooms=1&group_children=0&req_children=0&hpos=5&hapos=5&sr_order=popularity&nflt=class%3D5%3Bht_id%3D204&srpvid=b48c63c56cc4026d&srepoch=1717855887&from_sustainable_property_sr=1&from=searchresults
DLG Hotel Danang,"8,6",766 đánh giá,"Bãi biển Mỹ Khê, Đà Nẵng","DLG Hotel Danang có hồ bơi ngoài trời, nhà hàng trong khuôn viên và quán ăn tự phục vụ ngoài trời. Du khách có thể truy cập Wi-Fi miễn phí.",https://www.booking.com/hotel/vn/dlg-da-nang.vi.html?label=gen173nr-1FCAEoggI46AdIM1gEaPQBiAEBmAEquAEXyAEM2AEB6AEB-AEDiAIBqAIDuAKcioezBsACAdICJGYyYmI2M2QzLWZiN2MtNGIyNi04MjRiLWY4YmVmYzg4NGU0ZdgCBuACAQ&aid=304142&ucfs=1&arphpl=1&group_adults=2&req_adults=2&no_rooms=1&group_children=0&req_children=0&hpos=6&hapos=6&sr_order=popularity&nflt=class%3D5%3Bht_id%3D204&srpvid=b48c63c56cc4026d&srepoch=1717855887&from_sustainable_property_sr=1&from=searchresults
Wink Hotel Danang Riverside - 24hrs Stay & Rooftop with Sunset View,"9,1",216 đánh giá,"Sông Hàn, Đà Nẵng","Nằm ở Đà Nẵng, cách Bãi biển Mỹ Khê 2.3 km, Wink Hotel Danang Riverside - 24hrs Stay & Rooftop with Sunset View cung cấp chỗ nghỉ có hồ bơi ngoài trời, chỗ đậu xe riêng miễn phí, trung tâm thể dục và...",https://www.booking.com/hotel/vn/wink-danang-riverside.vi.html?label=gen173nr-1FCAEoggI46AdIM1gEaPQBiAEBmAEquAEXyAEM2AEB6AEB-AEDiAIBqAIDuAKcioezBsACAdICJGYyYmI2M2QzLWZiN2MtNGIyNi04MjRiLWY4YmVmYzg4NGU0ZdgCBuACAQ&aid=304142&ucfs=1&arphpl=1&group_adults=2&req_adults=2&no_rooms=1&group_children=0&req_children=0&hpos=7&hapos=7&sr_order=popularity&nflt=class%3D5%3Bht_id%3D204&srpvid=b48c63c56cc4026d&srepoch=1717855887&from_sustainable_property_sr=1&from=searchresults
Radisson Hotel Danang,"8,4",476 đánh giá,"Bãi biển Mỹ Khê, Đà Nẵng","Tọa lạc ở Đà Nẵng, cách Bãi biển Mỹ Khê 2 phút đi bộ, Radisson Hotel Danang cung cấp chỗ nghỉ có hồ bơi ngoài trời, chỗ đậu xe riêng miễn phí, trung tâm thể dục và phòng chờ chung.",https://www.booking.com/hotel/vn/radisson-danang.vi.html?label=gen173nr-1FCAEoggI46AdIM1gEaPQBiAEBmAEquAEXyAEM2AEB6AEB-AEDiAIBqAIDuAKcioezBsACAdICJGYyYmI2M2QzLWZiN2MtNGIyNi04MjRiLWY4YmVmYzg4NGU0ZdgCBuACAQ&aid=304142&ucfs=1&arphpl=1&group_adults=2&req_adults=2&no_rooms=1&group_children=0&req_children=0&hpos=8&hapos=8&sr_order=popularity&nflt=class%3D5%3Bht_id%3D204&srpvid=b48c63c56cc4026d&srepoch=1717855887&from=searchresults
Rosamia Da Nang Hotel,"8,6",183 đánh giá,"Bãi biển Mỹ Khê, Đà Nẵng","Tọa lạc ở Đà Nẵng, cách Bãi biển Mỹ Khê chỉ vài bước chân, Rosamia Da Nang Hotel cung cấp chỗ nghỉ có trung tâm thể dục, chỗ đậu xe riêng miễn phí, sân hiên và nhà hàng.",https://www.booking.com/hotel/vn/rosamia-da-nang-amp-spa.vi.html?label=gen173nr-1FCAEoggI46AdIM1gEaPQBiAEBmAEquAEXyAEM2AEB6AEB-AEDiAIBqAIDuAKcioezBsACAdICJGYyYmI2M2QzLWZiN2MtNGIyNi04MjRiLWY4YmVmYzg4NGU0ZdgCBuACAQ&aid=304142&ucfs=1&arphpl=1&group_adults=2&req_adults=2&no_rooms=1&group_children=0&req_children=0&hpos=9&hapos=9&sr_order=popularity&nflt=class%3D5%3Bht_id%3D204&srpvid=b48c63c56cc4026d&srepoch=1717855887&from_sustainable_property_sr=1&from=searchresults
Sel de Mer Hotel & Suites,"9,0",1.373 đánh giá,"Bãi biển Mỹ Khê, Đà Nẵng","Nằm ở thành phố Đà Nẵng, Sel de Mer Hotel & Suites cung cấp chỗ nghỉ bên bờ biển, cách Ngũ Hành Sơn 7 km và chỉ cách Bán đảo Sơn Trà 5 km.",https://www.booking.com/hotel/vn/sel-de-mer-amp-suites.vi.html?label=gen173nr-1FCAEoggI46AdIM1gEaPQBiAEBmAEquAEXyAEM2AEB6AEB-AEDiAIBqAIDuAKcioezBsACAdICJGYyYmI2M2QzLWZiN2MtNGIyNi04MjRiLWY4YmVmYzg4NGU0ZdgCBuACAQ&aid=304142&ucfs=1&arphpl=1&group_adults=2&req_adults=2&no_rooms=1&group_children=0&req_children=0&hpos=10&hapos=10&sr_order=popularity&nflt=class%3D5%3Bht_id%3D204&srpvid=b48c63c56cc4026d&srepoch=1717855887&from=searchresults
"voco Ma Belle Danang, an IHG Hotel","9,0",127 đánh giá,"Bãi biển Mỹ Khê, Đà Nẵng","Nằm ở Đà Nẵng, cách Bãi biển Mỹ Khê 2 phút đi bộ, voco Ma Belle Danang, an IHG Hotel cung cấp chỗ nghỉ có hồ bơi ngoài trời, chỗ đậu xe riêng miễn phí, trung tâm thể dục và phòng chờ chung.",https://www.booking.com/hotel/vn/voco-ma-belle-danang-an-ihg.vi.html?label=gen173nr-1FCAEoggI46AdIM1gEaPQBiAEBmAEquAEXyAEM2AEB6AEB-AEDiAIBqAIDuAKcioezBsACAdICJGYyYmI2M2QzLWZiN2MtNGIyNi04MjRiLWY4YmVmYzg4NGU0ZdgCBuACAQ&aid=304142&ucfs=1&arphpl=1&group_adults=2&req_adults=2&no_rooms=1&group_children=0&req_children=0&hpos=11&hapos=11&sr_order=popularity&nflt=class%3D5%3Bht_id%3D204&srpvid=b48c63c56cc4026d&srepoch=1717855887&from_sustainable_property_sr=1&from=searchresults
Muong Thanh Luxury Da Nang Hotel,"8,0",268 đánh giá,"Bãi biển Mỹ Khê, Đà Nẵng",Mường Thanh Luxury Đà Nẵng Hotel cung cấp phòng nghỉ bên bãi biển tại thành phố Đà Nẵng.,https://www.booking.com/hotel/vn/muong-thanh-luxury-da-nang.vi.html?label=gen173nr-1FCAEoggI46AdIM1gEaPQBiAEBmAEquAEXyAEM2AEB6AEB-AEDiAIBqAIDuAKcioezBsACAdICJGYyYmI2M2QzLWZiN2MtNGIyNi04MjRiLWY4YmVmYzg4NGU0ZdgCBuACAQ&aid=304142&ucfs=1&arphpl=1&group_adults=2&req_adults=2&no_rooms=1&group_children=0&req_children=0&hpos=12&hapos=12&sr_order=popularity&nflt=class%3D5%3Bht_id%3D204&srpvid=b48c63c56cc4026d&srepoch=1717855887&from=searchresults
Hilton Da Nang,"8,6",355 đánh giá,"Sông Hàn, Đà Nẵng","Nằm tại vị trí thuận tiện ở trung tâm Đà Nẵng, Hilton Da Nang cung cấp các phòng có điều hòa, hồ bơi ngoài trời, Wi-Fi miễn phí và trung tâm thể dục.",https://www.booking.com/hotel/vn/hilton-da-nang.vi.html?label=gen173nr-1FCAEoggI46AdIM1gEaPQBiAEBmAEquAEXyAEM2AEB6AEB-AEDiAIBqAIDuAKcioezBsACAdICJGYyYmI2M2QzLWZiN2MtNGIyNi04MjRiLWY4YmVmYzg4NGU0ZdgCBuACAQ&aid=304142&ucfs=1&arphpl=1&group_adults=2&req_adults=2&no_rooms=1&group_children=0&req_children=0&hpos=13&hapos=13&sr_order=popularity&nflt=class%3D5%3Bht_id%3D204&srpvid=b48c63c56cc4026d&srepoch=1717855887&from_sustainable_property_sr=1&from=searchresults
The Nalod Da Nang,"8,2",170 đánh giá,"Bãi biển Mỹ Khê, Đà Nẵng","Nép mình trong các vườn riêng, The Nalod cung cấp chỗ nghỉ không hút thuốc tại thành phố Đà Nẵng đồng thời có hồ bơi ngoài trời và trung tâm spa.",https://www.booking.com/hotel/vn/the-nalod-da-nang.vi.html?label=gen173nr-1FCAEoggI46AdIM1gEaPQBiAEBmAEquAEXyAEM2AEB6AEB-AEDiAIBqAIDuAKcioezBsACAdICJGYyYmI2M2QzLWZiN2MtNGIyNi04MjRiLWY4YmVmYzg4NGU0ZdgCBuACAQ&aid=304142&ucfs=1&arphpl=1&group_adults=2&req_adults=2&no_rooms=1&group_children=0&req_children=0&hpos=14&hapos=14&sr_order=popularity&nflt=class%3D5%3Bht_id%3D204&srpvid=b48c63c56cc4026d&srepoch=1717855887&from_sustainable_property_sr=1&from=searchresults
Grand Tourane Hotel Da Nang,"8,5",181 đánh giá,"Bãi biển Mỹ Khê, Đà Nẵng",Grand Tourane Hotel Danang tọa lạc tại một vị trí thuận tiện cách Sân bay Quốc tế Đà Nẵng chỉ 5 km.,https://www.booking.com/hotel/vn/tourane-danang.vi.html?label=gen173nr-1FCAEoggI46AdIM1gEaPQBiAEBmAEquAEXyAEM2AEB6AEB-AEDiAIBqAIDuAKcioezBsACAdICJGYyYmI2M2QzLWZiN2MtNGIyNi04MjRiLWY4YmVmYzg4NGU0ZdgCBuACAQ&aid=304142&ucfs=1&arphpl=1&group_adults=2&req_adults=2&no_rooms=1&group_children=0&req_children=0&hpos=15&hapos=15&sr_order=popularity&nflt=class%3D5%3Bht_id%3D204&srpvid=b48c63c56cc4026d&srepoch=1717855887&from_sustainable_property_sr=1&from=searchresults
Altara Suites Da Nang by AHG,"8,3",367 đánh giá,"Bãi biển Mỹ Khê, Đà Nẵng","Altara Suites cung cấp chỗ nghỉ bên bờ biển tại thành phố Đà Nẵng, cách Bãi biển Mỹ Khê 200 m. Chỗ nghỉ này có hồ bơi ngoài trời trên sân thượng.",https://www.booking.com/hotel/vn/luxury-apartment-da-nang.vi.html?label=gen173nr-1FCAEoggI46AdIM1gEaPQBiAEBmAEquAEXyAEM2AEB6AEB-AEDiAIBqAIDuAKcioezBsACAdICJGYyYmI2M2QzLWZiN2MtNGIyNi04MjRiLWY4YmVmYzg4NGU0ZdgCBuACAQ&aid=304142&ucfs=1&arphpl=1&group_adults=2&req_adults=2&no_rooms=1&group_children=0&req_children=0&hpos=16&hapos=16&sr_order=popularity&nflt=class%3D5%3Bht_id%3D204&srpvid=b48c63c56cc4026d&srepoch=1717855887&from=searchresults
GOLDEN APARTMENT With SEA VIEW,"9,4",12 đánh giá,Đà Nẵng,"Nằm giáp biển, GOLDEN APARTMENT With SEA VIEW cung cấp chỗ nghỉ 5 sao ở Đà Nẵng, đồng thời có hồ bơi ngoài trời, khu vườn và phòng chờ chung.",https://www.booking.com/hotel/vn/da-nang-golden-bay-can-ho-5-sao-dat-vang.vi.html?label=gen173nr-1FCAEoggI46AdIM1gEaPQBiAEBmAEquAEXyAEM2AEB6AEB-AEDiAIBqAIDuAKcioezBsACAdICJGYyYmI2M2QzLWZiN2MtNGIyNi04MjRiLWY4YmVmYzg4NGU0ZdgCBuACAQ&aid=304142&ucfs=1&arphpl=1&group_adults=2&req_adults=2&no_rooms=1&group_children=0&req_children=0&hpos=17&hapos=17&sr_order=popularity&nflt=class%3D5%3Bht_id%3D204&srpvid=b48c63c56cc4026d&srepoch=1717855887&from_sustainable_property_sr=1&from=searchresults
Novotel Danang Premier Han River,"8,8",537 đánh giá,"Sông Hàn, Đà Nẵng","Tọa lạc trên bờ phía Tây của Sông Hàn tại trung tâm thành phố Đà Nẵng, khách sạn 37 tầng này cung cấp các phòng nghỉ hiện đại chỉ cách Ga Đà Nẵng 1 km và cách Sân bay Quốc tế Đà Nẵng 2 km.",https://www.booking.com/hotel/vn/novotel-danang-premier-han-river.vi.html?label=gen173nr-1FCAEoggI46AdIM1gEaPQBiAEBmAEquAEXyAEM2AEB6AEB-AEDiAIBqAIDuAKcioezBsACAdICJGYyYmI2M2QzLWZiN2MtNGIyNi04MjRiLWY4YmVmYzg4NGU0ZdgCBuACAQ&aid=304142&ucfs=1&arphpl=1&group_adults=2&req_adults=2&no_rooms=1&group_children=0&req_children=0&hpos=18&hapos=18&sr_order=popularity&nflt=class%3D5%3Bht_id%3D204&srpvid=b48c63c56cc4026d&srepoch=1717855887&from_sustainable_property_sr=1&from=searchresults
Saha Casa Boutique Hotel Da Nang,"9,5",83 đánh giá,"Bãi biển Mỹ Khê, Đà Nẵng","Tọa lạc ở Đà Nẵng, cách Bãi biển Mỹ Khê 7 phút đi bộ, Saha Casa Boutique Hotel Da Nang cung cấp chỗ nghỉ có xe đạp miễn phí, chỗ đậu xe riêng miễn phí, hồ bơi ngoài trời và khu vườn.",https://www.booking.com/hotel/vn/saha-casa-boutique-da-nang.vi.html?label=gen173nr-1FCAEoggI46AdIM1gEaPQBiAEBmAEquAEXyAEM2AEB6AEB-AEDiAIBqAIDuAKcioezBsACAdICJGYyYmI2M2QzLWZiN2MtNGIyNi04MjRiLWY4YmVmYzg4NGU0ZdgCBuACAQ&aid=304142&ucfs=1&arphpl=1&group_adults=2&req_adults=2&no_rooms=1&group_children=0&req_children=0&hpos=19&hapos=19&sr_order=popularity&nflt=class%3D5%3Bht_id%3D204&srpvid=b48c63c56cc4026d&srepoch=1717855887&from_sustainable_property_sr=1&from=searchresults
Peninsula Hotel Danang,"8,8",455 đánh giá,"Bãi biển Mỹ Khê, Đà Nẵng","Nằm ở Đà Nẵng, cách Bãi biển Mỹ Khê chỉ vài bước chân, Peninsula Hotel Danang cung cấp chỗ nghỉ có hồ bơi ngoài trời, chỗ đậu xe riêng miễn phí, trung tâm thể dục và khu vườn.",https://www.booking.com/hotel/vn/peninsula-danang.vi.html?label=gen173nr-1FCAEoggI46AdIM1gEaPQBiAEBmAEquAEXyAEM2AEB6AEB-AEDiAIBqAIDuAKcioezBsACAdICJGYyYmI2M2QzLWZiN2MtNGIyNi04MjRiLWY4YmVmYzg4NGU0ZdgCBuACAQ&aid=304142&ucfs=1&arphpl=1&group_adults=2&req_adults=2&no_rooms=1&group_children=0&req_children=0&hpos=20&hapos=20&sr_order=popularity&nflt=class%3D5%3Bht_id%3D204&srpvid=b48c63c56cc4026d&srepoch=1717855887&from_sustainable_property_sr=1&from=searchresults
Wyndham Danang Golden Bay,"8,8",182 đánh giá,Đà Nẵng,"Wyndham Danang Golden Bay có hồ bơi vô cực dát vàng 24K cùng quán bar trên tầng 29, Công viên Kỳ quan Thế giới - nơi du khách có thể chiêm ngưỡng các kỳ quan thu nhỏ của thế giới, 2 nhà hàng trong...",https://www.booking.com/hotel/vn/danang-golden-bay.vi.html?label=gen173nr-1FCAEoggI46AdIM1gEaPQBiAEBmAEquAEXyAEM2AEB6AEB-AEDiAIBqAIDuAKcioezBsACAdICJGYyYmI2M2QzLWZiN2MtNGIyNi04MjRiLWY4YmVmYzg4NGU0ZdgCBuACAQ&aid=304142&ucfs=1&arphpl=1&group_adults=2&req_adults=2&no_rooms=1&group_children=0&req_children=0&hpos=21&hapos=21&sr_order=popularity&nflt=class%3D5%3Bht_id%3D204&srpvid=b48c63c56cc4026d&srepoch=1717855887&from_sustainable_property_sr=1&from=searchresults
Grand Mercure Danang,"8,6",208 đánh giá,"Sông Hàn, Đà Nẵng","Đứng sừng sững ở trung tâm thành phố Đà Nẵng, Grand Mercure Danang cung cấp các phòng nghỉ hiện đại với Wi-Fi miễn phí dọc theo bờ sông.",https://www.booking.com/hotel/vn/mercure-danang.vi.html?label=gen173nr-1FCAEoggI46AdIM1gEaPQBiAEBmAEquAEXyAEM2AEB6AEB-AEDiAIBqAIDuAKcioezBsACAdICJGYyYmI2M2QzLWZiN2MtNGIyNi04MjRiLWY4YmVmYzg4NGU0ZdgCBuACAQ&aid=304142&ucfs=1&arphpl=1&group_adults=2&req_adults=2&no_rooms=1&group_children=0&req_children=0&hpos=22&hapos=22&sr_order=popularity&nflt=class%3D5%3Bht_id%3D204&srpvid=b48c63c56cc4026d&srepoch=1717855887&from_sustainable_property_sr=1&from=searchresults
M Hotel Danang,,,"Bãi biển Mỹ Khê, Đà Nẵng","Nằm ở Đà Nẵng, cách Bãi biển Mỹ Khê chỉ vài bước chân, M Hotel Danang cung cấp chỗ nghỉ có hồ bơi ngoài trời, chỗ đậu xe riêng miễn phí, trung tâm thể dục và khu vườn.",https://www.booking.com/hotel/vn/m-danang.vi.html?label=gen173nr-1FCAEoggI46AdIM1gEaPQBiAEBmAEquAEXyAEM2AEB6AEB-AEDiAIBqAIDuAKcioezBsACAdICJGYyYmI2M2QzLWZiN2MtNGIyNi04MjRiLWY4YmVmYzg4NGU0ZdgCBuACAQ&aid=304142&ucfs=1&arphpl=1&group_adults=2&req_adults=2&no_rooms=1&group_children=0&req_children=0&hpos=23&hapos=23&sr_order=popularity&nflt=class%3D5%3Bht_id%3D204&srpvid=b48c63c56cc4026d&srepoch=1717855887&from_sustainable_property_sr=1&from=searchresults
Carinae Danang Hotel,"7,0",9 đánh giá,Đà Nẵng,"Carinae Danang Hotel có hồ bơi ngoài trời, trung tâm thể dục, phòng chờ chung và nhà hàng ở Đà Nẵng. Khách sạn 5 sao này có dịch vụ phòng và máy ATM.",https://www.booking.com/hotel/vn/park-regis-cocobay.vi.html?label=gen173nr-1FCAEoggI46AdIM1gEaPQBiAEBmAEquAEXyAEM2AEB6AEB-AEDiAIBqAIDuAKcioezBsACAdICJGYyYmI2M2QzLWZiN2MtNGIyNi04MjRiLWY4YmVmYzg4NGU0ZdgCBuACAQ&aid=304142&ucfs=1&arphpl=1&group_adults=2&req_adults=2&no_rooms=1&group_children=0&req_children=0&hpos=24&hapos=24&sr_order=popularity&nflt=class%3D5%3Bht_id%3D204&srpvid=b48c63c56cc4026d&srepoch=1717855887&from=searchresults
Muong Thanh Luxury Song Han Hotel,"7,8",236 đánh giá,"Trung tâm Thành phố Đà Nẵng, Đà Nẵng","Muong Thanh Luxury Song Han Hote nằm ở Quận Hải Châu thuộc thành phố Đà Nẵng. Khách sạn này có truy cập Internet miễn phí, hồ bơi ngoài trời và nhà hàng. Các hoạt động tại đây bao gồm karaoke và...",https://www.booking.com/hotel/vn/one-opera-danang.vi.html?label=gen173nr-1FCAEoggI46AdIM1gEaPQBiAEBmAEquAEXyAEM2AEB6AEB-AEDiAIBqAIDuAKcioezBsACAdICJGYyYmI2M2QzLWZiN2MtNGIyNi04MjRiLWY4YmVmYzg4NGU0ZdgCBuACAQ&aid=304142&ucfs=1&arphpl=1&group_adults=2&req_adults=2&no_rooms=1&group_children=0&req_children=0&hpos=25&hapos=25&sr_order=popularity&nflt=class%3D5%3Bht_id%3D204&srpvid=b48c63c56cc4026d&srepoch=1717855887&from_sustainable_property_sr=1&from=searchresults
